Name,Rating,Reviews,Phone,Address,Category,Yelp URL,Suburb
"Baby Pizza",3,30,+61394214599,"631-633 Church St, Melbourne Victoria 3121, Australia","Pizza",https://www.yelp.com/biz/baby-pizza-melbourne,Richmond
"Vineyard Restaurant",3,24,+61395341942,"71a Acland St, St Kilda Victoria 3182, Australia","Restaurants",https://www.yelp.com/biz/vineyard-restaurant-st-kilda-2,St Kilda
"Sea Salt",3,13,+61393474777,"364 Lygon St, Carlton Victoria 3053, Australia","Sushi Bars, Seafood",https://www.yelp.com/biz/sea-salt-carlton-3,Carlton
"The Old Fire Station Cafe Gallery",3,12,+61394712100,"378 High St, Preston Victoria 3072, Australia","Restaurants, Coffee & Tea",https://www.yelp.com/biz/the-old-fire-station-cafe-gallery-preston-2,Preston
"Queensberry Hotel",3,10,+61393472648,"593 Swanston St, Carlton Victoria 3053, Australia","Venues & Event Spaces, Pub Food, Beer Gardens",https://www.yelp.com/biz/queensberry-hotel-carlton,Carlton
"iLOVEiSTANBUL",3,8,+61393495857,"95 Lygon St, Melbourne Victoria 3053, Australia","Turkish",https://www.yelp.com/biz/iloveistanbul-melbourne,Carlton
"Powell Hotel",3,6,+61393177007,"202 Ballarat Rd, Footscray Victoria 3011, Australia","Restaurants, Bars",https://www.yelp.com/biz/powell-hotel-footscray,Footscray
"Northern Perk Cafe",3,5,+61411388733,"710 Sydney Rd, Brunswick Victoria 3056, Australia","Cafes, Coffee & Tea, Breakfast & Brunch",https://www.yelp.com/biz/northern-perk-cafe-brunswick,Brunswick
"Afghan Master Kebab",3,5,+61393119277,"Shop 3, 20 Devonshire Rd, Sunshine Victoria 3020, Australia","Afghan",https://www.yelp.com/biz/afghan-master-kebab-sunshine,Sunshine
"Meddlers",3,5,+61398208882,"67 Toorak Rd, South Yarra Victoria 3141, Australia","Hair Salons",https://www.yelp.com/biz/meddlers-south-yarra,South Yarra
"Brow Theory Armadale",3,5,+61395090287,"Shop 10, King's Arcade, 974-978 High St, Armadale Victoria 3143, Australia","Hair Removal, Eyebrow Services, Eyelash Service",https://www.yelp.com/biz/brow-theory-armadale-armadale,St Kilda
"Chocolate Buddha",3.1,43,+61396545688,"Flinders St, Melbourne Victoria 3000, Australia","Sushi Bars, Japanese, Korean",https://www.yelp.com/biz/chocolate-buddha-melbourne,South Yarra
"Fonda Mexican",3.1,21,+61395212660,"144 Chapel St, Windsor Victoria 3181, Australia","Mexican",https://www.yelp.com/biz/fonda-mexican-windsor,St Kilda
"Europa Cake Shop",3.1,14,+61395342156,"81 Acland St, St Kilda Victoria 3182, Australia","Bakeries, Coffee & Tea, Restaurants",https://www.yelp.com/biz/europa-cake-shop-st-kilda,St Kilda
"Il Gusto Restaurant",3.1,10,+61396632792,"256 Lygon St, Carlton Victoria 3053, Australia","Italian",https://www.yelp.com/biz/il-gusto-restaurant-carlton,Carlton
"Manhor",3.1,8,+61395295511,"137 Chapel St, Windsor Victoria 3181, Australia","Hair Salons",https://www.yelp.com/biz/manhor-windsor-2,Prahran
"Mien Salon Spa",3.1,8,+61394829199,"370 Queens Pde, Fitzroy North Victoria 3068, Australia","Hair Salons",https://www.yelp.com/biz/mien-salon-spa-fitzroy-north-2,Northcote
"Transport Hotel",3.2,24,+61396548808,"2 Swanston St, Federation Square, Melbourne Victoria 3000, Australia","Pubs, Sports Bars, Gastropubs",https://www.yelp.com/biz/transport-hotel-melbourne-3,South Yarra
"Shizuku",3.2,21,+61399958180,"309 Victoria St, Abbotsford Victoria 3067, Australia","Japanese",https://www.yelp.com/biz/shizuku-abbotsford-5,Richmond
"Cafe Corretto",3.2,15,+61393472300,"225-227 Lygon St, #227, Carlton Victoria 3053, Australia","Italian, Pizza, Pasta Shops",https://www.yelp.com/biz/cafe-corretto-carlton,Carlton
"Sandbar Beach Cafe",3.2,13,+61396450250,"175b Beaconsfield Pde, Middle Park Victoria 3206, Australia","Restaurants, Coffee & Tea",https://www.yelp.com/biz/sandbar-beach-cafe-middle-park,St Kilda
"Shibui",3.2,11,+61398209130,"67 Toorak Rd, South Yarra Victoria 3141, Australia","Hair Salons",https://www.yelp.com/biz/shibui-south-yarra,Richmond
"Hardrock Climbing",3.2,10,+61396315300,"4/8 Franklin St, Melbourne Victoria 3000, Australia","Climbing",https://www.yelp.com/biz/hardrock-climbing-melbourne-3,Fitzroy
"MJR Tom",3.2,9,+61394198048,"108 Smith St, Melbourne Victoria 3066, Australia","Bars, Coffee & Tea",https://www.yelp.com/biz/mjr-tom-melbourne,Collingwood
"Wild Yak Tibetan Restaurant",3.2,6,+61394862733,"350 High St, Northcote Victoria 3070, Australia","Restaurants",https://www.yelp.com/biz/wild-yak-tibetan-restaurant-northcote,Northcote
"Gold Leaf Chinese Restaurant",3.2,6,+61394702882,"417-419 High St, Shop 7, Preston Victoria 3072, Australia","Chinese",https://www.yelp.com/biz/gold-leaf-chinese-restaurant-preston-2,Reservoir
"Barber Shop",3.2,6,+61395346008,"197 Barkly St, St Kilda Victoria 3182, Australia","Hair Salons",https://www.yelp.com/biz/barber-shop-st-kilda,St Kilda
"Barber Saloon Mens Hairdressing",3.2,6,+61393281767,"73 Errol St, North Melbourne Victoria 3051, Australia","Hair Salons",https://www.yelp.com/biz/barber-saloon-mens-hairdressing-north-melbourne,Sunshine
"Hot Fish",3.2,5,+61396893400,"11-21 Wingfield St, Footscray Victoria 3011, Australia","Fish & Chips",https://www.yelp.com/biz/hot-fish-footscray,Footscray
"Charles & Gamon",3.2,5,+61396890203,"2 Gamon St, Seddon Victoria 3011, Australia","Wine Bars, American",https://www.yelp.com/biz/charles-and-gamon-seddon,Footscray
"Cornerstone Pizzeria",3.2,5,+61393546770,"105/107 Harding St, Coburg Victoria 3058, Australia","Pizza, Italian",https://www.yelp.com/biz/cornerstone-pizzeria-coburg,Coburg
"Pinarbasi Restaurant",3.2,5,+61393834966,"279 Sydney Rd, Shop 279, Coburg Victoria 3058, Australia","Middle Eastern",https://www.yelp.com/biz/pinarbasi-restaurant-coburg-2,Coburg
"Lady Bower Kitchen",3.2,5,+61394695851,"1a Marchant Ave, Reservoir Victoria 3073, Australia","Restaurants",https://www.yelp.com/biz/lady-bower-kitchen-reservoir,Reservoir
"Midas Yarraville",3.2,5,+61393149062,"385 Williamstown Rd, Yarraville Victoria 3013, Australia","Auto Repair",https://www.yelp.com/biz/midas-yarraville-yarraville,Sunshine
"Tiamo Coffee Restaurant",3.3,43,+61393470911,"303 Lygon St, Carlton Victoria 3053, Australia","Italian",https://www.yelp.com/biz/tiamo-coffee-restaurant-carlton-2,Fitzroy
"Abbey Road Cafe",3.3,35,+61395348946,"129-131 Acland St, St Kilda Victoria 3182, Australia","Coffee & Tea, Bars, Australian",https://www.yelp.com/biz/abbey-road-cafe-st-kilda,St Kilda
"Soda Rock Diner",3.3,29,+61398273500,"500 Chapel St, Melbourne Victoria 3141, Australia","American",https://www.yelp.com/biz/soda-rock-diner-melbourne,Richmond
"The Penny Black",3.3,22,+61393808667,"420 Sydney Rd, Brunswick Victoria 3056, Australia","Pizza, Wine Bars",https://www.yelp.com/biz/the-penny-black-brunswick-2,Brunswick
"DOC Espresso",3.3,19,+61393478482,"326 Lygon St, Carlton Victoria 3053, Australia","Cafes",https://www.yelp.com/biz/doc-espresso-carlton,Carlton
"Tyranny of Distance",3.3,18,+61395251005,"147 Union St, Windsor Victoria 3181, Australia","Restaurants, Coffee & Tea",https://www.yelp.com/biz/tyranny-of-distance-windsor,Prahran
"Apte",3.3,16,+61394822991,"538 Heidelberg Rd, Alphington Victoria 3078, Australia","Restaurants, Coffee & Tea",https://www.yelp.com/biz/apte-alphington-2,Northcote
"Ab's Barber Shop",3.3,16,+61417311321,"162 William St, Melbourne Victoria 3000, Australia","Barbers",https://www.yelp.com/biz/abs-barber-shop-melbourne,Footscray
"Taco Truck",3.3,12,,"Rathdown St, Brunswick East Victoria 3057, Australia","Street Vendors, Fast Food",https://www.yelp.com/biz/taco-truck-brunswick-east,Brunswick
"Rudimentary",3.3,11,+61497058173,"16 - 20 Leeds St, Footscray Victoria 3011, Australia","Cafes",https://www.yelp.com/biz/rudimentary-footscray,Footscray
"Gold Leaf Chinese Restaurant",3.3,11,+61393111863,"491 Ballarat Rd, Sunshine Victoria 3020, Australia","Chinese",https://www.yelp.com/biz/gold-leaf-chinese-restaurant-sunshine,Sunshine
"The Herbert Cafe",3.3,10,+61380603637,"41 Arthurton Rd, Northcote Victoria 3070, Australia","Coffee & Tea",https://www.yelp.com/biz/the-herbert-cafe-northcote,Thornbury
"Noodle Kingdom",3.3,10,+61394788885,"469 High St, Shop 3, Preston Victoria 3072, Australia","Chinese",https://www.yelp.com/biz/noodle-kingdom-preston,Reservoir
"King's Domain Barber Shop",3.3,10,+61399393100,"Unit 1, 177 Toorak Rd, South Yarra Victoria 3141, Australia","Barbers",https://www.yelp.com/biz/kings-domain-barber-shop-south-yarra,South Yarra
"Dumplings & Moore",3.3,9,+61396892165,"96 Hopkins St, Footscray Victoria 3011, Australia","Chinese",https://www.yelp.com/biz/dumplings-and-moore-footscray-2,Footscray
"Tono on Borsari",3.3,9,+61393491444,"201 Lygon Street, Carlton Victoria 3053, Australia","Italian, Pizza",https://www.yelp.com/biz/tono-on-borsari-carlton,Carlton
"The Shaw Davey Slum",3.3,9,+61398258980,"171-175 Elgin St, Melbourne Victoria 3053, Australia","Bars, Restaurants",https://www.yelp.com/biz/the-shaw-davey-slum-melbourne,Carlton
"Brother Wolf",3.3,9,+61391933041,"110 Greville St, Prahran Victoria 3181, Australia","Hair Salons",https://www.yelp.com/biz/brother-wolf-prahran-2,St Kilda
"Chato",3.3,8,+61394848554,"921 High St, Thornbury Victoria 3071, Australia","Cafes, Spanish, Tapas/Small Plates",https://www.yelp.com/biz/chato-thornbury,Thornbury
"Narai Thai Restaurant",3.3,8,+61394823637,"214 St Georges Rd, Northcote Victoria 3070, Australia","Thai",https://www.yelp.com/biz/narai-thai-restaurant-northcote,Northcote
"Zagame's Reservoir Hotel",3.3,8,+61394605799,"257 Edwardes St, Reservoir Victoria 3073, Australia","Restaurants, Bars",https://www.yelp.com/biz/zagames-reservoir-hotel-reservoir-3,Reservoir
"Thien An",3.3,7,+61396870398,"32 Irving St, Footscray Victoria 3011, Australia","Restaurants",https://www.yelp.com/biz/thien-an-footscray,Footscray
"Taste of Thai",3.3,7,+61390770068,"434 Sydney Rd, Coburg Victoria 3058, Australia","Thai, Fast Food",https://www.yelp.com/biz/taste-of-thai-coburg,Coburg
"Buddha Thai",3.3,7,+61394802628,"53 Plenty Rd, Preston Victoria 3072, Australia","Thai",https://www.yelp.com/biz/buddha-thai-preston,Reservoir
"Back Alley Sally's",3.3,6,+61390416400,"4 Yewers St, Footscray Victoria 3011, Australia","Bars, Pizza",https://www.yelp.com/biz/back-alley-sallys-footscray,Footscray
"Saleem Indian Restaurant Byo",3.3,6,+61393541899,"4114 Bell St, Shop 3, Coburg Victoria 3058, Australia","Indian",https://www.yelp.com/biz/saleem-indian-restaurant-byo-coburg-2,Coburg
"Mr. Miyagi",3.4,43,+61395295999,"99 Chapel St, Windsor Victoria 3181, Australia","Japanese",https://www.yelp.com/biz/mr-miyagi-windsor,St Kilda
"Fonda Mexican",3.4,42,+61394290085,"248 Swan St, Richmond Victoria 3121, Australia","Mexican",https://www.yelp.com/biz/fonda-mexican-richmond,Richmond
"Time Out Fed Square Cafe",3.4,31,+61396713855,"2 Swanston St, Melbourne Victoria 3004, Australia","Cafes",https://www.yelp.com/biz/time-out-fed-square-cafe-melbourne,South Yarra
"Newmarket Hotel",3.4,25,+61398100087,"34 Inkerman St, St Kilda Victoria 3182, Australia","Wine Bars, Mexican",https://www.yelp.com/biz/newmarket-hotel-st-kilda,St Kilda
"Parlour Diner",3.4,23,+61395332006,"64 Chapel St, Windsor Victoria 3181, Australia","American, Coffee & Tea",https://www.yelp.com/biz/parlour-diner-windsor,St Kilda
"I Love Dumplings",3.4,22,+61394289201,"298 Bridge Rd, Richmond Victoria 3121, Australia","Chinese",https://www.yelp.com/biz/i-love-dumplings-richmond-2,Richmond
"Wesley Anne",3.4,21,+61394821333,"250 High St, Northcote Victoria 3070, Australia","Restaurants, Wine Bars",https://www.yelp.com/biz/wesley-anne-northcote,Preston
"Footscray Milking Station",3.4,20,+61390299240,"35 Bunbury St, Footscray Victoria 3011, Australia","Coffee & Tea, Restaurants",https://www.yelp.com/biz/footscray-milking-station-footscray,Footscray
"Alpha Barbers",3.4,19,+61396637274,"360 Elizabeth St, Shop LG 10, Melbourne Victoria 3000, Australia","Barbers",https://www.yelp.com/biz/alpha-barbers-melbourne,Fitzroy
"Two Bob",3.4,17,+61394825444,"270 Queens Pde, Fitzroy North Victoria 3068, Australia","Restaurants, Coffee & Tea",https://www.yelp.com/biz/two-bob-fitzroy-north-2,Northcote
"Skinny Dog Hotel",3.4,17,+61398538023,"155 High St, Kew Victoria 3101, Australia","Restaurants, Bars",https://www.yelp.com/biz/skinny-dog-hotel-kew,Richmond
"FAT Fried and Tasty",3.4,16,+611300328462,"360 Lygon St, Brunswick East Victoria 3057, Australia","American",https://www.yelp.com/biz/fat-fried-and-tasty-brunswick-east,Brunswick
"Hotel Jesus",3.4,16,+61396506054,"174 Smith St, Collingwood Victoria 3066, Australia","Mexican, Bars",https://www.yelp.com/biz/hotel-jesus-collingwood-2,Richmond
"Ray Cafe",3.4,15,+61393808593,"332 Victoria St, Brunswick Victoria 3056, Australia","Breakfast & Brunch, Coffee & Tea",https://www.yelp.com/biz/ray-cafe-brunswick-2,Brunswick
"Cafe Victoria",3.4,10,+61393296891,"517 Elizabeth St, Melbourne Victoria 3000, Australia","Cafes",https://www.yelp.com/biz/cafe-victoria-melbourne,Carlton
"Jimmy Watson's Restaurant",3.4,10,+61393473985,"333 Lygon St, Carlton Victoria 3053, Australia","Wine Bars, Middle Eastern, International",https://www.yelp.com/biz/jimmy-watsons-restaurant-carlton-2,Carlton
"Taxiboat",3.4,9,+61394827882,"94 High St, Northcote Victoria 3070, Australia","Restaurants",https://www.yelp.com/biz/taxiboat-northcote,Northcote
"Northcote Bakeshop",3.4,9,+61394895008,"571A High St, Northcote Victoria 3070, Australia","Bakeries, Restaurants",https://www.yelp.com/biz/northcote-bakeshop-northcote,Northcote
"Brunswick Flour Mill",3.4,8,+61390780497,"341 Sydney Rd, Shop 1, Brunswick Victoria 3056, Australia","Restaurants, Coffee & Tea",https://www.yelp.com/biz/brunswick-flour-mill-brunswick,Brunswick
"The Reading Room",3.4,7,+61399194091,"88 Ballarat Rd, Footscray Victoria 3011, Australia","Coffee & Tea, Cafes, Breakfast & Brunch",https://www.yelp.com/biz/the-reading-room-footscray,Footscray
"Thuan An Restaurant",3.4,7,+61393111119,"253 Hampshire Rd, Sunshine Victoria 3020, Australia","Chinese",https://www.yelp.com/biz/thuan-an-restaurant-sunshine,Sunshine
"Northern Soul",3.4,5,+61394802333,"843 High St, Thornbury Victoria 3071, Australia","Restaurants, Coffee & Tea",https://www.yelp.com/biz/northern-soul-thornbury,Preston
"The Corner Cafe on Woodland",3.4,5,+61393744757,"62-64 Woodland St, Strathmore Victoria 3041, Australia","Coffee & Tea",https://www.yelp.com/biz/the-corner-cafe-on-woodland-strathmore,Coburg
"Salon Duval",3.4,5,+61394865566,"82 High St, Northcote Victoria 3070, Australia","Hair Salons",https://www.yelp.com/biz/salon-duval-northcote,Brunswick
"Royal Crown Barbers",3.4,5,+61398196359,"539 Glenferrie Rd, Hawthorn Victoria 3122, Australia","Hair Salons",https://www.yelp.com/biz/royal-crown-barbers-hawthorn,Footscray
"Trippy Taco",3.5,62,+61394157711,"234 Gertrude St, Fitzroy Victoria 3065, Australia","Mexican",https://www.yelp.com/biz/trippy-taco-fitzroy,Fitzroy
"Pillar of Salt",3.5,49,+61394211550,"541 Church Street, Richmond Victoria 3121, Australia","Restaurants, Coffee & Tea",https://www.yelp.com/biz/pillar-of-salt-richmond,Richmond
"Matcha Mylkbar",3.5,42,+61395341111,"72 Acland St, Saint Kilda Victoria 3182, Australia","Vegan",https://www.yelp.com/biz/matcha-mylkbar-saint-kilda,St Kilda
"Code Black Coffee",3.5,36,+61393812330,"15-17 Weston St, Brunswick Victoria 3056, Australia","Cafes, Coffee Roasteries",https://www.yelp.com/biz/code-black-coffee-brunswick,Brunswick
"Misschu",3.5,36,+61390415848,"276 Toorak Rd, South Yarra Victoria 3141, Australia","Restaurants",https://www.yelp.com/biz/misschu-south-yarra,Richmond
"Siglo",3.5,35,+61396546631,"Level 3, 161 Spring St, Melbourne Victoria 3000, Australia","Wine Bars, Lounges, Gastropubs",https://www.yelp.com/biz/siglo-melbourne,Fitzroy
"Republica St Kilda Beach",3.5,34,+61385989055,"10-18 Jacka Bvd, St Kilda Victoria 3182, Australia","Bars, Australian, Venues & Event Spaces",https://www.yelp.com/biz/republica-st-kilda-beach-st-kilda-2,St Kilda
"Fatto Bar & Cantina",3.5,32,+61386988800,"100 St Kilda Rd, River Terrace, Hamer Hall Arts Centre, Melbourne Victoria 3004, Australia","Italian, Cafes",https://www.yelp.com/biz/fatto-bar-and-cantina-melbourne-3,South Yarra
"Arcadia Cafe Restaurant",3.5,31,+61394161055,"193 Gertrude St, Fitzroy Victoria 3065, Australia","Cafes",https://www.yelp.com/biz/arcadia-cafe-restaurant-fitzroy-3,Fitzroy
"Rice Queen",3.5,28,+61394196624,"389 Brunswick St, Fitzroy Victoria 3065, Australia","Bars, Australian",https://www.yelp.com/biz/rice-queen-fitzroy-2,Fitzroy
"Sister of Soul",3.5,25,+61395938550,"73 Acland St, St Kilda Victoria 3182, Australia","Vegetarian",https://www.yelp.com/biz/sister-of-soul-st-kilda,St Kilda
"Danny's Burgers",3.5,24,+61394815847,"358/360 Georges Rd, Fitzroy North Victoria 3068, Australia","Burgers",https://www.yelp.com/biz/dannys-burgers-fitzroy-north-3,Brunswick
"Post Office Hotel",3.5,24,+61393865300,"231 Sydney Rd, Coburg Victoria 3058, Australia","Restaurants, Bars",https://www.yelp.com/biz/post-office-hotel-coburg-2,Brunswick
"John Gorilla",3.5,22,+61390058680,"49 Pearson St, Brunswick West Victoria 3055, Australia","Restaurants, Coffee & Tea",https://www.yelp.com/biz/john-gorilla-brunswick-west,Brunswick
"Lemon, Middle and Orange",3.5,19,+61394151593,"25 - 31 Rokeby St, Collingwood Victoria 3066, Australia","Coffee & Tea, Breakfast & Brunch",https://www.yelp.com/biz/lemon-middle-and-orange-collingwood,Richmond
"Virgin Active Health Club",3.5,19,+61392685300,"138 Bourke St, Melbourne Victoria 3000, Australia","Gyms, Trainers, Pilates",https://www.yelp.com/biz/virgin-active-health-club-melbourne,Fitzroy
"Union Hotel Brunswick",3.5,18,+61393882235,"109 Union St, Brunswick Victoria 3056, Australia","Bars, Restaurants",https://www.yelp.com/biz/union-hotel-brunswick-brunswick,Brunswick
"Trotters Restaurant",3.5,16,+61393475657,"400 Lygon St, Carlton Victoria 3053, Australia","Italian, Coffee & Tea",https://www.yelp.com/biz/trotters-restaurant-carlton-2,Carlton
"Fifteen Pounds",3.5,13,+61394824481,"21-23 Railway Pl, #21, Melbourne Victoria 3078, Australia","Restaurants, Coffee & Tea",https://www.yelp.com/biz/fifteen-pounds-melbourne,Northcote
"King & Godfree",3.5,13,+618393471619,"299 Lygon St, Carlton Victoria 3053, Australia","Delis",https://www.yelp.com/biz/king-and-godfree-carlton-2,Carlton
"Joe's Shoe Store",3.5,13,+61394827666,"233 High St, Northcote Victoria 3070, Australia","Bars, Restaurants",https://www.yelp.com/biz/joes-shoe-store-northcote-2,Thornbury
"Melbourne Sports & Aquatic Centre",3.5,13,+61399261555,"31-33 Aughtie Dr, Albert Park Victoria 3206, Australia","Sports Clubs",https://www.yelp.com/biz/melbourne-sports-and-aquatic-centre-albert-park-4,Richmond
"Atticus Finch",3.5,12,+61393870188,"129 Lygon St, Brunswick East Victoria 3057, Australia","Wine Bars, Restaurants",https://www.yelp.com/biz/atticus-finch-brunswick-east,Brunswick
"Dosa Hut",3.5,11,+61396870171,"604b Barkly St, West Footscray Victoria 3012, Australia","Indian, Fast Food",https://www.yelp.com/biz/dosa-hut-west-footscray,Sunshine
"Lucy Lockett",3.5,11,,"140 Barkly St, Melbourne Victoria 3056, Australia","Coffee & Tea, Restaurants",https://www.yelp.com/biz/lucy-lockett-melbourne,Brunswick
"Brazilica",3.5,11,+61394157755,"292 Smith St, Collingwood Victoria 3066, Australia","Waxing",https://www.yelp.com/biz/brazilica-collingwood,Fitzroy
"South Pacific Health Club",3.5,11,+61395254888,"10-18 Jacka Bvd, St Kilda Victoria 3182, Australia","Gyms",https://www.yelp.com/biz/south-pacific-health-club-st-kilda,St Kilda
"Lazy Bean",3.5,10,+61394814454,"31a South Cres, Northcote Victoria 3070, Australia","Restaurants, Coffee & Tea",https://www.yelp.com/biz/lazy-bean-northcote-2,Northcote
"Toto's Pizza House",3.5,10,+61393471888,"101 Lygon St, Carlton Victoria 3053, Australia","French, Fast Food, Pizza",https://www.yelp.com/biz/totos-pizza-house-carlton,Carlton
"The Eastern Bloc",3.5,8,+61393548830,"133 Bell St, Coburg Victoria 3058, Australia","Coffee & Tea, Restaurants",https://www.yelp.com/biz/the-eastern-bloc-coburg,Coburg
"Wang Wang Dumpling",3.5,8,+61393540294,"Shop 3, #3, Coburg Victoria 3058, Australia","Chinese",https://www.yelp.com/biz/wang-wang-dumpling-coburg,Coburg
"Freedom Dental",3.5,8,+611300437333,"37 Albert Road, Suite 6, South Melbourne Victoria 3004, Australia","General Dentistry, Endodontists, Cosmetic Dentists",https://www.yelp.com/biz/freedom-dental-south-melbourne-3,St Kilda
"Doherty's Gym",3.5,8,+61396211022,"Vaults 1-4, Melbourne Victoria 3000, Australia","Gyms",https://www.yelp.com/biz/dohertys-gym-melbourne,Fitzroy
"Brunswick Foodstore",3.5,6,+61393888738,"29 Weston St, Brunswick Victoria 3056, Australia","Restaurants, Coffee & Tea",https://www.yelp.com/biz/brunswick-foodstore-brunswick-2,Brunswick
"Seasons Provedore",3.5,6,+61393473585,"199 Lygon St, Carlton Victoria 3053, Australia","Restaurants, Coffee & Tea",https://www.yelp.com/biz/seasons-provedore-carlton,Carlton
"Middletown",3.5,6,+61395302288,"229 High St, Prahran Victoria 3181, Australia","Cafes",https://www.yelp.com/biz/middletown-prahran,Prahran
"Phu Vinh the noodle shop",3.5,6,+61411494606,"93 Hopskins St, Footscray Victoria 3011, Australia","Chinese",https://www.yelp.com/biz/phu-vinh-the-noodle-shop-footscray,Footscray
"Roy's On Melville",3.5,6,+61393882006,"57 Melville Rd, Brunswick West Victoria 3055, Australia","Cafes, Italian, Pizza",https://www.yelp.com/biz/roys-on-melville-brunswick-west,Coburg
"Two by Two",3.5,6,+61394865885,"235 High St, Northcote Victoria 3070, Australia","Restaurants",https://www.yelp.com/biz/two-by-two-northcote,Northcote
"Brazilian Butterfly",3.5,6,+61393881110,"769 Nicholson St, Carlton North Victoria 3054, Australia","Hair Salons",https://www.yelp.com/biz/brazilian-butterfly-carlton-north-2,Northcote
"Lord Of The Fries",3.6,47,+611300667552,"Shop 5, 207 Flinders St Station, Melbourne Victoria 3000, Australia","Fast Food, Burgers, Vegetarian",https://www.yelp.com/biz/lord-of-the-fries-melbourne-9,South Yarra
"Waterfront Southgate",3.6,45,+61396869766,"Shop G20, Ground Level, Southgate Ave, Melbourne Victoria 3006, Australia","Seafood, Steakhouses",https://www.yelp.com/biz/waterfront-southgate-melbourne,South Yarra
"Easey's",3.6,44,+61390795942,"48 Easey St, Melbourne Victoria 3066, Australia","Burgers, Bars, American",https://www.yelp.com/biz/easeys-melbourne,Fitzroy
"The Cornish Arms",3.6,42,+61393808383,"163A Sydney Rd, Brunswick Victoria 3056, Australia","Bars, Restaurants",https://www.yelp.com/biz/the-cornish-arms-brunswick,Brunswick
"Tom Phat",3.6,39,+61391213377,"184 Sydney Rd, Brunswick Victoria 3056, Australia","Thai",https://www.yelp.com/biz/tom-phat-brunswick,Brunswick
"Hobba",3.6,38,+61395108336,"428 Malvern Rd, Prahran Victoria 3181, Australia","Restaurants, Coffee & Tea, Bars",https://www.yelp.com/biz/hobba-prahran-4,St Kilda
"La Roche Cafe",3.6,36,+61395341472,"185 Acland St, St Kilda Victoria 3182, Australia","Restaurants, Coffee & Tea",https://www.yelp.com/biz/la-roche-cafe-st-kilda-2,St Kilda
"Bimbo Deluxe",3.6,35,+61394198600,"376 Brunswick St, Fitzroy Victoria 3065, Australia","Pizza, Wine Bars",https://www.yelp.com/biz/bimbo-deluxe-fitzroy,Fitzroy
"Shark Fin Inn",3.6,29,+61396622681,"50 Little Bourke Street, Melbourne Victoria 3000, Australia","Chinese, Seafood",https://www.yelp.com/biz/shark-fin-inn-melbourne-2,Fitzroy
"Tutto Bene",3.6,28,+61396963334,"Mid Level Southgate, Melbourne Victoria 3006, Australia","Italian",https://www.yelp.com/biz/tutto-bene-melbourne,South Yarra
"Jim's Greek Tavern",3.6,26,+61394193827,"32 Johnston St, Collingwood Victoria 3066, Australia","Greek",https://www.yelp.com/biz/jims-greek-tavern-collingwood-2,Collingwood
"La Camera Southgate",3.6,26,+61396993600,"Shop MR2 Mid Level East End, Melbourne Victoria 3006, Australia","Italian, Pizza",https://www.yelp.com/biz/la-camera-southgate-melbourne-2,South Yarra
"Little Henri",3.6,25,+61394848857,"Suite 848, Thornbury Victoria 3071, Australia","Restaurants, Coffee & Tea",https://www.yelp.com/biz/little-henri-thornbury,Preston
"Gasometer",3.6,22,+61394175539,"484 Smith St, Collingwood Victoria 3066, Australia","American, Bars",https://www.yelp.com/biz/gasometer-collingwood-3,Collingwood
"Seddon Deadly Sins",3.6,21,+61396893092,"148 Victoria St, Seddon Victoria 3011, Australia","Restaurants, Coffee & Tea",https://www.yelp.com/biz/seddon-deadly-sins-seddon,Footscray
"Abacus Bar",3.6,21,+61398241026,"383 Chapel St, South Yarra Victoria 3141, Australia","Breakfast & Brunch, Coffee & Tea",https://www.yelp.com/biz/abacus-bar-south-yarra,South Yarra
"The Brunswick Mess Hall",3.6,20,+61393880297,"400 Sydney Rd, Brunswick Victoria 3056, Australia","Bars, Restaurants",https://www.yelp.com/biz/the-brunswick-mess-hall-brunswick-2,Brunswick
"Gramercy Social",3.6,20,+61390981155,"162-164 Commercial Road, Prahran Victoria 3141, Australia","American",https://www.yelp.com/biz/gramercy-social-prahran,St Kilda
"95 Espresso",3.6,20,+61395347141,"95 Acland St, St Kilda Victoria 3182, Australia","Restaurants, Coffee & Tea",https://www.yelp.com/biz/95-espresso-st-kilda,St Kilda
"Sam's Cali Cantina ",3.6,19,+61399739551,"760 Chapel St, South Yarra Victoria 3141, Australia","Burgers, Coffee & Tea",https://www.yelp.com/biz/sams-cali-cantina-south-yarra,Richmond
"Chew Burgers",3.6,18,+61394849720,"147 Plenty Rd, Melbourne Victoria 3072, Australia","Burgers",https://www.yelp.com/biz/chew-burgers-melbourne,Preston
"Northcote Social Club",3.6,17,+61394893917,"301 High St, Northcote Victoria 3070, Australia","Bars, Music Venues, Restaurants",https://www.yelp.com/biz/northcote-social-club-northcote,Preston
"Ying Thai 2",3.6,17,+61396391697,"110 Lygon St, Carlton Victoria 3053, Australia","Thai",https://www.yelp.com/biz/ying-thai-2-carlton,Carlton
"Pizza Meine Liebe",3.6,15,+61394827001,"231 High St, Northcote Victoria 3070, Australia","Pizza",https://www.yelp.com/biz/pizza-meine-liebe-northcote-2,Preston
"Foxtrot Charlie",3.6,14,,"359 Sydney Rd, Brunswick Victoria 3056, Australia","Restaurants",https://www.yelp.com/biz/foxtrot-charlie-brunswick,Brunswick
"The Peacock Hotel",3.6,14,+61394813100,"210 High St, Northcote Victoria 3070, Australia","Pubs, Gastropubs",https://www.yelp.com/biz/the-peacock-hotel-northcote,Preston
"Jelly Stone",3.6,12,+61393867750,"179 Albion St, Brunswick Victoria 3056, Australia","Restaurants, Coffee & Tea",https://www.yelp.com/biz/jelly-stone-brunswick,Brunswick
"Shakahari Vegetarian Restaurant",3.6,12,+61393473848,"201-203 Faraday St, Carlton Victoria 3053, Australia","Vegetarian, Thai",https://www.yelp.com/biz/shakahari-vegetarian-restaurant-carlton,Carlton
"Gringo Vibes Mexican Cantina",3.6,9,+61390448568,"489 High St, Northcote Victoria 3070, Australia","Mexican",https://www.yelp.com/biz/gringo-vibes-mexican-cantina-northcote,Northcote
"Kiki Hair Extensions Melbourne",3.6,9,+61398279410,"211 Commercial Road, Melbourne Victoria 3141, Australia","Hair Extensions",https://www.yelp.com/biz/kiki-hair-extensions-melbourne-melbourne,Richmond
"The Old Bike Shop Cafe",3.6,8,,"117 Lygon St, Melbourne Victoria 3057, Australia","Cafes",https://www.yelp.com/biz/the-old-bike-shop-cafe-melbourne,Brunswick
"Spout Cafe",3.6,8,,"48 Glen Eira Rd, Ripponlea Victoria 3185, Australia","Coffee & Tea, Restaurants",https://www.yelp.com/biz/spout-cafe-ripponlea,St Kilda
"Rude Boy Burger",3.6,8,+61393864302,"482 Albion St, Brunswick West Victoria 3055, Australia","Burgers",https://www.yelp.com/biz/rude-boy-burger-brunswick-west,Coburg
"Studley Park Boathouse Cafe",3.6,7,+61398531828,"1 Boathouse Rd, Kew Victoria 3101, Australia","Breakfast & Brunch, Cafes",https://www.yelp.com/biz/studley-park-boathouse-cafe-kew,Richmond
"Jam and Cream",3.6,7,,"1 Orr St, Shop 3, Heidelberg Heights Victoria 3081, Australia","Restaurants, Coffee & Tea",https://www.yelp.com/biz/jam-and-cream-heidelberg-heights,Reservoir
"Sourdough Kitchen",3.6,7,+61396875662,"172 Victoria Street, Seddon Victoria 3011, Australia","Bakeries, Restaurants",https://www.yelp.com/biz/sourdough-kitchen-seddon,Footscray
"Lola Cafe",3.6,7,,"77 Charles St, Seddon Victoria 3011, Australia","Portuguese, Spanish",https://www.yelp.com/biz/lola-cafe-seddon,Footscray
"Paul's Hair Port",3.6,7,+61393810777,"302 Sydney Rd, Brunswick Victoria 3056, Australia","Hair Salons",https://www.yelp.com/biz/pauls-hair-port-brunswick,Brunswick
"Common Ground",3.6,5,,"296A Carlisle St, Balaclava Victoria 3183, Australia","Coffee & Tea, Bakeries",https://www.yelp.com/biz/common-ground-balaclava,St Kilda
"Grafete",3.6,5,,"357-359 St Georges Rd, Thornbury Victoria 3071, Australia","Breakfast & Brunch, Cafes",https://www.yelp.com/biz/grafete-thornbury,Thornbury
"Urban Alice",3.6,5,+61401857724,"213 High St, Northcote Victoria 3070, Australia","Restaurants, Coffee & Tea",https://www.yelp.com/biz/urban-alice-northcote,Northcote
"Westgarth Fish and Chips",3.6,5,+61394810211,"99 High St, Northcote, Northcote Victoria 3070, Australia","Fast Food",https://www.yelp.com/biz/westgarth-fish-and-chips-northcote,Northcote
"Vinniese Half Price Pizza",3.6,5,+61394784477,"238/18 Cramer St, Preston Market, Preston Victoria 3072, Australia","Pizza",https://www.yelp.com/biz/vinniese-half-price-pizza-preston,Reservoir
"So Haircutters",3.6,5,+61394826632,"159 Queens Pde, Clifton Hill Victoria 3068, Australia","Hair Salons",https://www.yelp.com/biz/so-haircutters-clifton-hill,Preston
"Mrs Parma's",3.7,51,+61396392269,"25 Little Bourke St, Melbourne Victoria 3000, Australia","Bars, French, Italian",https://www.yelp.com/biz/mrs-parmas-melbourne,Fitzroy
"Laksa Bar",3.7,51,+61396631941,"108 Little Lonsdale St, Melbourne Victoria 3000, Australia","Malaysian",https://www.yelp.com/biz/laksa-bar-melbourne,Fitzroy
"Gami Chicken and Beer",3.7,43,+61396713232,"100 Little Lonsdale St, Melbourne Victoria 3000, Australia","Korean",https://www.yelp.com/biz/gami-chicken-and-beer-melbourne-6,Fitzroy
"Rococo",3.7,39,+61395253232,"87 Acland St, #89, St Kilda Victoria 3182, Australia","Italian",https://www.yelp.com/biz/rococo-st-kilda-3,St Kilda
"I Love Pho 264",3.7,31,+61394277749,"264 Victoria St, Richmond Victoria 3121, Australia","Restaurants",https://www.yelp.com/biz/i-love-pho-264-richmond,Richmond
"Tusk Cafe Bar",3.7,26,+61395291198,"133 Chapel St, Windsor Victoria 3181, Australia","Cafes",https://www.yelp.com/biz/tusk-cafe-bar-windsor-2,Prahran
"Hu Tong",3.7,26,+61390981188,"Shop 1, 162 Commercial Rd, Prahran Victoria 3181, Australia","Dim Sum, Seafood, Noodles",https://www.yelp.com/biz/hu-tong-prahran,St Kilda
"Donovans",3.7,26,+61395348221,"40 Jacka Bvd, St Kilda Victoria 3182, Australia","Mediterranean",https://www.yelp.com/biz/donovans-st-kilda-3,St Kilda
"The Corner Shop",3.7,24,+61396890052,"9 Ballarat St, Yarraville Victoria 3013, Australia","Restaurants, Coffee & Tea",https://www.yelp.com/biz/the-corner-shop-yarraville-2,Footscray
"Night Noodle Markets",3.7,24,,"Birrarung Marr, Melbourne Victoria 3004, Australia","Restaurants",https://www.yelp.com/biz/night-noodle-markets-melbourne,South Yarra
"Seoul Soul",3.7,23,+61478768760,"323-325 Victoria St, Abbotsford Victoria 3070, Australia","Korean",https://www.yelp.com/biz/seoul-soul-abbotsford,Richmond
"Madame K's Vegetarian",3.7,23,+61394156099,"367 Brunswick St, Fitzroy Victoria 3065, Australia","Thai",https://www.yelp.com/biz/madame-ks-vegetarian-fitzroy,Collingwood
"Captains Of Industry",3.7,23,+61396704405,"2 Somerset Pl, Level 1, Melbourne Victoria 3000, Australia","Barbers, Shoe Stores, Cafes",https://www.yelp.com/biz/captains-of-industry-melbourne-4,Footscray
"Kitty Burns",3.7,22,+61394270164,"24 Acacia Pl, Abbotsford Victoria 3067, Australia","Coffee & Tea",https://www.yelp.com/biz/kitty-burns-abbotsford,Richmond
"Horn Please",3.7,20,+61394978101,"167 St Georges Rd, Fitzroy North Victoria 3068, Australia","Indian",https://www.yelp.com/biz/horn-please-fitzroy-north-2,Brunswick
"The Meatball & Wine Bar",3.7,20,+61394283339,"105 Swan St, Richmond Victoria 3121, Australia","Italian, American",https://www.yelp.com/biz/the-meatball-and-wine-bar-richmond,Richmond
"St Edmonds",3.7,19,+61395250473,"154 Greville St, Prahran Victoria 3181, Australia","Breakfast & Brunch, Coffee & Tea",https://www.yelp.com/biz/st-edmonds-prahran,South Yarra
"East Elevation",3.7,18,+61393815575,"351 Lygon St, Brunswick East Victoria 3057, Australia","Restaurants, Coffee & Tea",https://www.yelp.com/biz/east-elevation-brunswick-east,Brunswick
"Retreat Hotel",3.7,18,+61393804090,"280 Sydney Rd, Brunswick Victoria 3056, Australia","Bars, Restaurants",https://www.yelp.com/biz/retreat-hotel-brunswick-2,Brunswick
"School of 7 Bells",3.7,15,+61395215535,"33 Chapel St, Windsor Victoria 3181, Australia","Restaurants, Coffee & Tea",https://www.yelp.com/biz/school-of-7-bells-windsor-2,Prahran
"Gelobar",3.7,15,+61393881419,"74 Lygon St, Brunswick East Victoria 3057, Australia","Bakeries, Restaurants, Coffee & Tea",https://www.yelp.com/biz/gelobar-brunswick-east,Brunswick
"Alfa Bakehouse",3.7,13,+61396876659,"42 Anderson St, Yarraville Victoria 3013, Australia","Bakeries, Coffee & Tea, Restaurants",https://www.yelp.com/biz/alfa-bakehouse-yarraville,Footscray
"Spotted Mallard",3.7,13,+61393808818,"314 Sydney Rd, Brunswick Victoria 3056, Australia","Restaurants, Bars",https://www.yelp.com/biz/spotted-mallard-brunswick,Brunswick
"Pho Hung",3.7,13,+61394701588,"447 High St, Preston Victoria 3072, Australia","Restaurants",https://www.yelp.com/biz/pho-hung-preston-2,Thornbury
"Animal Orchestra",3.7,12,+61393494944,"163 Grattan St, Carlton Victoria 3053, Australia","Restaurants, Coffee & Tea",https://www.yelp.com/biz/animal-orchestra-carlton,Carlton
"Lâm Lâm",3.7,11,+61394825258,"209 High St, Northcote,, Northcote Victoria 3070, Australia","Vietnamese",https://www.yelp.com/biz/l%C3%A2m-l%C3%A2m-northcote-2,Thornbury
"Boundary Espresso",3.7,10,+61394840260,"107 Plenty Rd, Preston Victoria 3072, Australia","Coffee & Tea, Breakfast & Brunch",https://www.yelp.com/biz/boundary-espresso-preston,Preston
"Michelino's Trattoria",3.7,9,+61396633365,"69 Pelham St, Carlton Victoria 3053, Australia","Italian, Pizza",https://www.yelp.com/biz/michelinos-trattoria-carlton,Carlton
"Monsieur Truffe",3.7,7,+61393804915,"351 Lygon St, Brunswick East Victoria 3057, Australia","Restaurants, Coffee & Tea",https://www.yelp.com/biz/monsieur-truffe-brunswick-east,Brunswick
"Garden View Cafe",3.7,6,+61394172404,"44 Nicholson St, Fitzroy Victoria 3065, Australia","Restaurants, Coffee & Tea",https://www.yelp.com/biz/garden-view-cafe-fitzroy,Brunswick
"Uncommon.",3.7,6,+61395106655,"60 Chapel St, Windsor Victoria 3181, Australia","Restaurants, Coffee & Tea",https://www.yelp.com/biz/uncommon-windsor,St Kilda
"Stovetop",3.7,6,+61393472010,"1/108 - 128 Leicester St, Carlton Victoria 3053, Australia","Coffee & Tea",https://www.yelp.com/biz/stovetop-carlton,Carlton
"Steamjunkies",3.7,6,+61399734309,"7-9 Florence St, Brunswick Victoria 3056, Australia","Coffee & Tea, Breakfast & Brunch",https://www.yelp.com/biz/steamjunkies-brunswick,Coburg
"Room 53",3.7,6,+61393875144,"53 Lygon St, Brunswick East Victoria 3057, Australia","Hair Salons",https://www.yelp.com/biz/room-53-brunswick-east,Brunswick
"Stalactites Restaurant",3.8,91,+61396633316,"177/183 Lonsdale Street, Melbourne Victoria 3000, Australia","International",https://www.yelp.com/biz/stalactites-restaurant-melbourne-2,Fitzroy
"Trunk",3.8,85,+61396637994,"275 Exhibition St, Melbourne Victoria 3000, Australia","Bars, Mediterranean, Venues & Event Spaces",https://www.yelp.com/biz/trunk-melbourne-2,Fitzroy
"Huxtaburger",3.8,80,+61394176328,"106 Smith St, Collingwood Victoria 3066, Australia","Burgers",https://www.yelp.com/biz/huxtaburger-collingwood-3,Fitzroy
"Friends of Mine",3.8,50,+61394287516,"506 Swan St, Richmond Victoria 3121, Australia","Restaurants, Coffee & Tea",https://www.yelp.com/biz/friends-of-mine-richmond,Richmond
"Gingerboy",3.8,50,+61396624200,"27-29 Crossley St, #27, Melbourne Victoria 3000, Australia","Chinese",https://www.yelp.com/biz/gingerboy-melbourne,Fitzroy
"Brunetti",3.8,46,+61393472801,"250 Flinders Ln, Melbourne Victoria 3000, Australia","Cafes",https://www.yelp.com/biz/brunetti-melbourne-7,Fitzroy
"Green Refectory Pop Up Cafe",3.8,43,+61393871150,"115 Sydney Rd, Melbourne Victoria 3056, Australia","Coffee & Tea",https://www.yelp.com/biz/green-refectory-pop-up-cafe-melbourne,Brunswick
"Universal Restaurant",3.8,39,+61393474393,"139-141 Lygon St, Carlton Victoria 3053, Australia","Venues & Event Spaces, Italian",https://www.yelp.com/biz/universal-restaurant-carlton,Carlton
"The B.East",3.8,36,+61390361456,"80 Lygon St, Brunswick East Victoria 3057, Australia","Burgers, Bars",https://www.yelp.com/biz/the-b-east-brunswick-east,Brunswick
"Berlin Bar",3.8,34,+61396393396,"16 Corrs Lane, Level 2, Melbourne Victoria 3000, Australia","Bars, Restaurants",https://www.yelp.com/biz/berlin-bar-melbourne,Fitzroy
"Iddy Biddy Bar",3.8,33,+61395253320,"35-39 Blessington St, St Kilda Victoria 3182, Australia","Restaurants, Bars, Coffee & Tea",https://www.yelp.com/biz/iddy-biddy-bar-st-kilda,St Kilda
"The Station Hotel",3.8,32,+61398100085,"59 Napier St, Footscray Victoria 3011, Australia","Steakhouses, French, Seafood",https://www.yelp.com/biz/the-station-hotel-footscray,Footscray
"Oriental Tea House",3.8,31,+61398260168,"455 Chapel St, South Yarra Victoria 3141, Australia","Chinese",https://www.yelp.com/biz/oriental-tea-house-south-yarra,St Kilda
"Park St",3.8,26,+61393805499,"815 Nicholson St, Carlton North Victoria 3054, Australia","Breakfast & Brunch, Wine Bars, Italian",https://www.yelp.com/biz/park-st-carlton-north-2,Brunswick
"France-Soir",3.8,26,+61398668569,"11 Toorak Rd, South Yarra Victoria 3141, Australia","French",https://www.yelp.com/biz/france-soir-south-yarra,Richmond
"The Bridge Hotel",3.8,26,+61394295734,"642 Bridge Rd, Richmond Victoria 3121, Australia","Pubs, Pub Food",https://www.yelp.com/biz/the-bridge-hotel-richmond,Richmond
"Drugstore Espresso",3.8,25,+61398275058,"194 Toorak Rd, South Yarra Victoria 3141, Australia","Coffee & Tea, Restaurants",https://www.yelp.com/biz/drugstore-espresso-south-yarra,South Yarra
"David's",3.8,25,+61395295199,"4 Cecil Pl, Prahran Victoria 3181, Australia","Chinese",https://www.yelp.com/biz/davids-prahran,St Kilda
"Viet Rose Vietnamese Restaurant",3.8,25,+61394177415,"363 Brunswick St, Fitzroy Victoria 3065, Australia","Restaurants",https://www.yelp.com/biz/viet-rose-vietnamese-restaurant-fitzroy-2,Collingwood
"The Gem",3.8,25,+61394195170,"289 Wellington St, Collingwood Victoria 3066, Australia","Bars, American",https://www.yelp.com/biz/the-gem-collingwood-2,Collingwood
"Union Club Hotel",3.8,21,+61394172926,"164 Gore St, Fitzroy Victoria 3065, Australia","Bars, Restaurants",https://www.yelp.com/biz/union-club-hotel-fitzroy,Collingwood
"Lumberjack",3.8,19,+61394295255,"484 Bridge Rd, Richmond Victoria 3121, Australia","Coffee & Tea, Restaurants",https://www.yelp.com/biz/lumberjack-richmond,Richmond
"Piccolo Mondo",3.8,19,+61396509064,"240 Lygon St, Carlton Victoria 3057, Australia","Italian",https://www.yelp.com/biz/piccolo-mondo-carlton,Carlton
"Cafe Republic",3.8,17,+61398200800,"160 Toorak Rd, South Yarra Victoria 3141, Australia","Restaurants, Coffee & Tea",https://www.yelp.com/biz/cafe-republic-south-yarra,South Yarra
"Royal Saxon",3.8,16,+61394295277,"545 Church St, Richmond Victoria 3121, Australia","Italian, Venues & Event Spaces, Wine Bars",https://www.yelp.com/biz/royal-saxon-richmond,Richmond
"Up in Smoke",3.8,15,+61396898188,"28 Hopkins St, Footscray Victoria 3011, Australia","American",https://www.yelp.com/biz/up-in-smoke-footscray-2,Footscray
"Biba Academy of Hairdressing",3.8,13,+61396395928,"401 Swanston St, Melbourne Victoria 3000, Australia","Hair Salons",https://www.yelp.com/biz/biba-academy-of-hairdressing-melbourne,Fitzroy
"True North",3.8,12,+61399172262,"2A Munro St, Coburg Victoria 3058, Australia","Restaurants, Coffee & Tea",https://www.yelp.com/biz/true-north-coburg,Brunswick
"Hawthorn Common",3.8,12,+61398192200,"302 Burwood Rd, Hawthorn Victoria 3122, Australia","Restaurants, Coffee & Tea",https://www.yelp.com/biz/hawthorn-common-hawthorn,Richmond
"Cafe Lua",3.8,11,,"169 Elgin St, Carlton Victoria 3053, Australia","Restaurants, Coffee & Tea",https://www.yelp.com/biz/cafe-lua-carlton-3,Carlton
"Sartoria Melbourne",3.8,10,+6194805664,"115 Plenty Rd, Preston Victoria 3072, Australia","Breakfast & Brunch, Coffee & Tea, Venues & Event Spaces",https://www.yelp.com/biz/sartoria-melbourne-preston,Preston
"The Old Milk Bar Cafe",3.8,10,+61390436227,"144 Dundas St, Thornbury Victoria 3071, Australia","Breakfast & Brunch, Coffee & Tea",https://www.yelp.com/biz/the-old-milk-bar-cafe-thornbury,Preston
"Melbourne Kebab Station",3.8,10,+61393557766,"Shop 10, 459 Sydney Rd, Coburg Victoria 3058, Australia","Fast Food, Kebab, Halal",https://www.yelp.com/biz/melbourne-kebab-station-coburg,Coburg
"Advieh",3.8,8,+61432241276,"71B Gamon St, Seddon Victoria 3011, Australia","Middle Eastern, Cafes",https://www.yelp.com/biz/advieh-seddon,Footscray
"North Melbourne Dental",3.8,8,+61393281477,"91 Errol St, North Melbourne Victoria 3051, Australia","Dentists",https://www.yelp.com/biz/north-melbourne-dental-north-melbourne-2,Brunswick
"Dancing Dog Cafe",3.8,6,+61396892566,"42A Albert St, Footscray Victoria 3011, Australia","Restaurants, Bars, Coffee & Tea",https://www.yelp.com/biz/dancing-dog-cafe-footscray-3,Footscray
"Brother Nancy",3.8,6,+61439318820,"182 Essex St, Footscray Victoria 3012, Australia","Restaurants, Coffee & Tea",https://www.yelp.com/biz/brother-nancy-footscray,Footscray
"Rubber Duck Cafe",3.8,6,+61394817489,"139 Queens Pde, Clifton Hill Victoria 3068, Australia","Restaurants, Coffee & Tea",https://www.yelp.com/biz/rubber-duck-cafe-clifton-hill,Preston
"Wild Timor Coffee",3.8,6,+61393862315,"282 Sydney Rd, Coburg Victoria 3058, Australia","Coffee & Tea, Restaurants",https://www.yelp.com/biz/wild-timor-coffee-coburg,Coburg
"Dong Que Vietnamese Restaurant",3.8,6,+61396894392,"102 Hopkins St, Footscray Victoria 3011, Australia","Restaurants",https://www.yelp.com/biz/dong-que-vietnamese-restaurant-footscray-2,Footscray
"La Sera",3.8,6,+61394812691,"393-395 St Georges Rd, #393, Fitzroy North Victoria 3068, Australia","Pizza, Italian",https://www.yelp.com/biz/la-sera-fitzroy-north,Northcote
"Kitchen IROHA",3.8,6,+61385294102,"487 High St, Northcote Victoria 3070, Australia","Japanese",https://www.yelp.com/biz/kitchen-iroha-northcote,Northcote
"8th Nerve Cafe",3.8,5,,"103 Gaffney St, Coburg Victoria 3058, Australia","Restaurants, Coffee & Tea",https://www.yelp.com/biz/8th-nerve-cafe-coburg,Preston
"Einstein's Relative",3.8,5,+61390789801,"Suite 1, #1, South Yarra Victoria 3141, Australia","Restaurants, Coffee & Tea",https://www.yelp.com/biz/einsteins-relative-south-yarra,South Yarra
"Cafe Saporo",3.8,5,+61396969974,"Suite 3, 380 St Kilda Rd, Melbourne Victoria 3004, Australia","Cafes",https://www.yelp.com/biz/cafe-saporo-melbourne,South Yarra
"Pho Tam",3.8,5,+61396872680,"Shop 1, Shop 7, Footscray Victoria 3011, Australia","Restaurants",https://www.yelp.com/biz/pho-tam-footscray,Footscray
"Pizza Del Sole",3.8,5,+61393143996,"343 Somerville Rd, Yarraville Victoria 3013, Australia","Fast Food, Pizza",https://www.yelp.com/biz/pizza-del-sole-yarraville,Sunshine
"Antalya Turkish Restaurant",3.8,5,+61393835115,"233 Sydney Rd, Coburg Victoria 3058, Australia","Turkish",https://www.yelp.com/biz/antalya-turkish-restaurant-coburg,Coburg
"Il Pizzaiolo",3.8,5,+61394848558,"163 Darebin Rd, Thornbury Victoria 3071, Australia","Pizza",https://www.yelp.com/biz/il-pizzaiolo-thornbury,Northcote
"Rubi Hair",3.8,5,+61395298220,"79 Chapel St, Shop 6, Windsor Victoria 3181, Australia","Hair Salons",https://www.yelp.com/biz/rubi-hair-windsor-2,St Kilda
"The Bearded Man Barber Studio ",3.8,5,+61498008451,"203 Chapel St, Prahran Victoria 3181, Australia","Men's Hair Salons, Barbers",https://www.yelp.com/biz/the-bearded-man-barber-studio-prahran,Prahran
"Hampstead Dental",3.8,5,+61393185599,"Suite 2, 44 Hampstead Rd, Maidstone Victoria 3012, Australia","Cosmetic Dentists",https://www.yelp.com/biz/hampstead-dental-maidstone-3,Sunshine
"The Vegie Bar",3.9,139,+61394176935,"380 Brunswick St, Fitzroy Victoria 3065, Australia","Vegetarian",https://www.yelp.com/biz/the-vegie-bar-fitzroy-2,Fitzroy
"Brunetti",3.9,96,+61393472801,"380 Lygon St, Melbourne Victoria 3053, Australia","Cafes",https://www.yelp.com/biz/brunetti-melbourne-5,Carlton
"8Bit",3.9,76,+61396878838,"8 Droop St, Footscray Victoria 3011, Australia","Burgers, Fast Food",https://www.yelp.com/biz/8bit-footscray,Footscray
"Radio Mexico",3.9,65,+61395349990,"11-13 Carlisle St, St Kilda Victoria 3182, Australia","Mexican",https://www.yelp.com/biz/radio-mexico-st-kilda-3,St Kilda
"MissChu",3.9,47,+61390771097,"297 Exhibition St, Shop 2, Melbourne Victoria 3000, Australia","Restaurants",https://www.yelp.com/biz/misschu-melbourne-2,Fitzroy
"Industry Beans",3.9,46,+61394171034,"3/62 Rose Street, Fitzroy Victoria 3065, Australia","Coffee Roasteries, Cafes",https://www.yelp.com/biz/industry-beans-fitzroy,Fitzroy
"Banff",3.9,45,+61395253899,"Suite 29, 145 Fitzroy St, St Kilda Victoria 3182, Australia","Pizza, Breakfast & Brunch",https://www.yelp.com/biz/banff-st-kilda,St Kilda
"Tall Timber",3.9,43,+61395104111,"60 Commercial Rd, Prahran Victoria 3181, Australia","Restaurants, Coffee & Tea",https://www.yelp.com/biz/tall-timber-prahran,St Kilda
"Moroccan Soup Bar",3.9,40,+61394824240,"183 St Georges Rd, Fitzroy North Victoria 3068, Australia","Restaurants",https://www.yelp.com/biz/moroccan-soup-bar-fitzroy-north,Brunswick
"Riverland Bar",3.9,40,+61396621771,"Vaults 1-9 Federation Wharf, Melbourne Victoria 3000, Australia","Bars, Coffee & Tea, American",https://www.yelp.com/biz/riverland-bar-melbourne-2,South Yarra
"Archie's All Day",3.9,36,+61394170066,"189 Gertrude St, Fitzroy Victoria 3065, Australia","Restaurants, Coffee & Tea",https://www.yelp.com/biz/archies-all-day-fitzroy-2,Fitzroy
"Yellow Bird Cafe",3.9,36,+61395338983,"122 Chapel St, #1, Windsor Victoria 3181, Australia","Mexican, Coffee & Tea, Burgers",https://www.yelp.com/biz/yellow-bird-cafe-windsor-2,St Kilda
"Jimmy Grants",3.9,35,+61384198800,"113 St David St, Melbourne Victoria 3065, Australia","Fast Food, International",https://www.yelp.com/biz/jimmy-grants-melbourne-6,Fitzroy
"Yamato Japanese Restaurant",3.9,35,+61396631706,"28 Corrs Ln, Melbourne Victoria 3000, Australia","Japanese",https://www.yelp.com/biz/yamato-japanese-restaurant-melbourne-2,Fitzroy
"Belles Hot Chicken",3.9,34,+61390770788,"150 Gertrude St, Fitzroy South Australia 3065, Australia","Chicken Shop, American, Bars",https://www.yelp.com/biz/belles-hot-chicken-fitzroy,Fitzroy
"Naughty Boy Cafe",3.9,32,+61390417870,"499-501 Lygon St, Princes Hill Victoria 3054, Australia","Cafes",https://www.yelp.com/biz/naughty-boy-cafe-princes-hill,Brunswick
"Pho Dzung City Noodle Shop",3.9,32,+61396638885,"234 Russell St, Melbourne Victoria 3000, Australia","Vietnamese",https://www.yelp.com/biz/pho-dzung-city-noodle-shop-melbourne,Fitzroy
"Barry.",3.9,31,+61394817623,"85 High St, Northcote, Melbourne Victoria 3070, Australia","Coffee & Tea",https://www.yelp.com/biz/barry-melbourne,Brunswick
"Saké",3.9,31,+61386870775,"Hamer Hall, Arts Centre Melbourne, 100 St Kilda Road, Melbourne Victoria 3004, Australia","Japanese, Cocktail Bars",https://www.yelp.com/biz/sak%C3%A9-melbourne,South Yarra
"Kaprica",3.9,27,+61393471138,"19 Lincoln Square S, Carlton Victoria 3053, Australia","Pizza",https://www.yelp.com/biz/kaprica-carlton,Carlton
"Common Galaxia",3.9,25,+61396890309,"Shop 3-4, 130 Victoria Street, Seddon Victoria 3011, Australia","Restaurants, Coffee & Tea",https://www.yelp.com/biz/common-galaxia-seddon,Footscray
"Small Block",3.9,25,+61393812244,"130 Lygon St, Brunswick East Victoria 3057, Australia","Restaurants, Coffee & Tea",https://www.yelp.com/biz/small-block-brunswick-east,Brunswick
"Milk the Cow",3.9,24,+61393484771,"323 Lygon St, Melbourne Victoria 3053, Australia","Wine Bars, French",https://www.yelp.com/biz/milk-the-cow-melbourne-2,Carlton
"Serotonin Eatery",3.9,22,+61391081507,"52 Madden Grove, Richmond Victoria 3121, Australia","Breakfast & Brunch, Juice Bars & Smoothies, Coffee & Tea",https://www.yelp.com/biz/serotonin-eatery-richmond,Richmond
"Monarch Cake Shop",3.9,21,+61395342972,"103 Acland St, St Kilda Victoria 3182, Australia","Bakeries, Coffee & Tea, Restaurants",https://www.yelp.com/biz/monarch-cake-shop-st-kilda,St Kilda
"Hung Vuong Saigon",3.9,21,+61396896002,"128 Hopkins St, Footscray Victoria 3011, Australia","Restaurants",https://www.yelp.com/biz/hung-vuong-saigon-footscray-3,Footscray
"Aangan Indian Restaurant",3.9,21,+61396894175,"559 Barkly St, West Footscray Victoria 3012, Australia","Indian",https://www.yelp.com/biz/aangan-indian-restaurant-west-footscray,Sunshine
"Uncle",3.9,21,+61390412668,"188 Carlisle St, St Kilda Victoria 3182, Australia","Restaurants",https://www.yelp.com/biz/uncle-st-kilda,St Kilda
"Tank Fish & Chippery",3.9,20,+61390402124,"149-151 Lygon St, Carlton Victoria 3053, Australia","Seafood",https://www.yelp.com/biz/tank-fish-and-chippery-carlton-2,Carlton
"Fifty Acres",3.9,19,+61394210296,"65 Bridge Rd, Richmond Victoria 3121, Australia","Breakfast & Brunch, Coffee & Tea",https://www.yelp.com/biz/fifty-acres-richmond,Fitzroy
"Richmond Oysters",3.9,18,+61394285121,"437-443 Church St, #437, Richmond Victoria 3121, Australia","Seafood",https://www.yelp.com/biz/richmond-oysters-richmond-2,Richmond
"The Brunswick Green",3.9,17,+61393812413,"313 Sydney Rd, Brunswick Victoria 3056, Australia","Bars, Restaurants",https://www.yelp.com/biz/the-brunswick-green-brunswick,Brunswick
"Lazerpig",3.9,17,+61394171177,"9-11 Peel St, Collingwood Victoria 3067, Australia","Pizza, Bars",https://www.yelp.com/biz/lazerpig-collingwood,Richmond
"Kumo Izakaya & Sake Bar",3.9,15,+61393881505,"152 Lygon St, Brunswick East Victoria 3057, Australia","Japanese, Bars",https://www.yelp.com/biz/kumo-izakaya-and-sake-bar-brunswick-east,Brunswick
"Tin Pot Cafe",3.9,15,+61394815312,"248-250 St Georges Rd, Fitzroy North Victoria 3068, Australia","Cafes",https://www.yelp.com/biz/tin-pot-cafe-fitzroy-north-2,Brunswick
"Little Blue",3.9,13,+61395255545,"St Kilda Pier, Pier Rd, St Kilda Victoria 3182, Australia","Restaurants, Coffee & Tea",https://www.yelp.com/biz/little-blue-st-kilda,St Kilda
"Gelatissimo",3.9,11,+61393477300,"197 Lygon St, Carlton Victoria 3053, Australia","Restaurants",https://www.yelp.com/biz/gelatissimo-carlton,Carlton
"Le Miel",3.9,10,+61390439767,"330 Cardigan St, Melbourne Victoria 3053, Australia","Coffee & Tea, Breakfast & Brunch",https://www.yelp.com/biz/le-miel-melbourne,Carlton
"Da Guido La Pasta",3.9,10,+61385284547,"130 Lygon St, Carlton Victoria 3053, Australia","Italian",https://www.yelp.com/biz/da-guido-la-pasta-carlton,Carlton
"Bang Bang",3.9,10,+6194893238,"337 High St, Northcote Victoria 3070, Australia","Restaurants",https://www.yelp.com/biz/bang-bang-northcote,Thornbury
"Butcher 128",3.9,9,+61393180975,"128 Roberts St, Yarraville Victoria 3013, Australia","Coffee & Tea, Breakfast & Brunch",https://www.yelp.com/biz/butcher-128-yarraville,Sunshine
"George Street Cafe",3.9,9,+61394195805,"65 George St, East Melbourne Victoria 3002, Australia","Restaurants, Coffee & Tea",https://www.yelp.com/biz/george-street-cafe-east-melbourne,Fitzroy
"Pearl Oyster Espresso",3.9,9,+61394802500,"114 Miller St, Preston Victoria 3072, Australia","Restaurants, Coffee & Tea",https://www.yelp.com/biz/pearl-oyster-espresso-preston-2,Preston
"Tinker",3.9,9,+61394825264,"235 High St, Northcote Victoria 3070, Australia","Coffee & Tea, Breakfast & Brunch",https://www.yelp.com/biz/tinker-northcote,Thornbury
"Mitte",3.9,9,+61390777379,"76 Michael St, Fitzroy North Victoria 3068, Australia","Restaurants, Coffee & Tea",https://www.yelp.com/biz/mitte-fitzroy-north,Northcote
"Blow Dry Bar Melbourne",3.9,9,+61386106789,"55 Hardware Lane, Melbourne Victoria 3000, Australia","Hair Salons",https://www.yelp.com/biz/blow-dry-bar-melbourne-melbourne,Fitzroy
"Mighty Boy",3.9,7,+61394193686,"59-61 Gertrude St, Fitzroy Victoria 3065, Australia","Restaurants, Coffee & Tea",https://www.yelp.com/biz/mighty-boy-fitzroy-2,Fitzroy
"Mr Mister",3.9,7,+61395293902,"159 Chapel St, Melbourne Victoria 3181, Australia","Cafes, Australian",https://www.yelp.com/biz/mr-mister-melbourne,St Kilda
"Thomson Street Cafe",3.9,7,,"Thomson St, Fairfield Victoria 3078, Australia","Coffee & Tea",https://www.yelp.com/biz/thomson-street-cafe-fairfield,Northcote
"Sakana Japanese Cafe",3.9,7,+61394784628,"491 High St, Preston Victoria 3072, Australia","Japanese, Coffee & Tea",https://www.yelp.com/biz/sakana-japanese-cafe-preston,Reservoir
"Naked for Satan",4,155,+61394162238,"285 Brunswick St, Fitzroy Victoria 3065, Australia","Bars, Tapas/Small Plates",https://www.yelp.com/biz/naked-for-satan-fitzroy-6,Fitzroy
"The Grain Store",4,114,+61399726993,"517 Flinders Lane, Melbourne Victoria 3000, Australia","Cafes",https://www.yelp.com/biz/the-grain-store-melbourne,Fitzroy
"400 Gradi - Brunswick",4,72,+61393802320,"99 Lygon St, Brunswick East Victoria 3057, Australia","Pizza, Italian",https://www.yelp.com/biz/400-gradi-brunswick-brunswick-east,Brunswick
"Arbory Bar & Eatery",4,62,+61396140023,"2 Flinders Walk, Melbourne Victoria 3000, Australia","Bars, Modern Australian",https://www.yelp.com/biz/arbory-bar-and-eatery-melbourne,South Yarra
"DOC Pizza & Mozzarella Bar",4,60,+61393472998,"295 Drummond St, Melbourne Victoria 3053, Australia","Italian, Pizza, Coffee & Tea",https://www.yelp.com/biz/doc-pizza-and-mozzarella-bar-melbourne,Carlton
"Lucky Coq",4,55,+61395251288,"179 Chapel St, Windsor Victoria 3181, Australia","Pizza, Bars",https://www.yelp.com/biz/lucky-coq-windsor-2,St Kilda
"Hawker Hall",4,55,+61385600090,"98 Chapel St, Windsor Victoria 3181, Australia","Asian Fusion",https://www.yelp.com/biz/hawker-hall-windsor,St Kilda
"Market Lane Coffee",4,45,+61398047434,"Shop 13, Prahran Market, 163 Commercial Rd, South Yarra Victoria 3141, Australia","Coffee & Tea, Cafes",https://www.yelp.com/biz/market-lane-coffee-south-yarra,Prahran
"Fitzrovia",4,43,+61395370001,"155 Fitzroy St, St Kilda Victoria 3182, Australia","Venues & Event Spaces, Cafes",https://www.yelp.com/biz/fitzrovia-st-kilda,St Kilda
"Yong Green Food",4,34,+61431433337,"421 Brunswick St, Fitzroy Victoria 3065, Australia","Korean, Burgers",https://www.yelp.com/biz/yong-green-food-fitzroy,Fitzroy
"Galleon Cafe",4,33,+61395348934,"9 Carlisle St, St Kilda Victoria 3182, Australia","Restaurants, Coffee & Tea",https://www.yelp.com/biz/galleon-cafe-st-kilda,St Kilda
"Las Chicas",4,31,+61395313699,"203 Carlisle St, Balaclava Victoria 3183, Australia","Restaurants, Coffee & Tea",https://www.yelp.com/biz/las-chicas-balaclava,St Kilda
"Ruyi Modern Chinese",4,29,+61390907778,"16 Liverpoole St, Melbourne Victoria 3000, Australia","Asian Fusion, Chinese, Wine Bars",https://www.yelp.com/biz/ruyi-modern-chinese-melbourne-2,Fitzroy
"Mama Bear",4,26,+61393760386,"526 Racecourse Rd, Flemington Victoria 3031, Australia","Cafes",https://www.yelp.com/biz/mama-bear-flemington,Footscray
"Babka Bakery Cafe",4,26,+61394160091,"358 Brunswick St, Fitzroy Victoria 3065, Australia","Restaurants, Bakeries, Coffee & Tea",https://www.yelp.com/biz/babka-bakery-cafe-fitzroy-2,Fitzroy
"Touchwood",4,26,+6194299347,"480 Bridge Rd, Richmond Victoria 3121, Australia","Restaurants, Coffee & Tea",https://www.yelp.com/biz/touchwood-richmond,Richmond
"Ichi Ni Nana Izakaya",4,26,+61394174127,"127 Brunswick St, Fitzroy Victoria 3065, Australia","Restaurants",https://www.yelp.com/biz/ichi-ni-nana-izakaya-fitzroy,Collingwood
"Rumi",4,25,+61393888255,"116 Lygon St, Brunswick East Victoria 3057, Australia","Middle Eastern",https://www.yelp.com/biz/rumi-brunswick-east-3,Brunswick
"Peko Peko",4,24,+61396861109,"190 Wells St, South Melbourne Victoria 3205, Australia","Taiwanese, Japanese",https://www.yelp.com/biz/peko-peko-south-melbourne,South Yarra
"Dench Cafe",4,22,+61394035333,"109 Scotchmer St, Fitzroy North Victoria 3068, Australia","Bakeries, Cafes",https://www.yelp.com/biz/dench-cafe-fitzroy-north,Brunswick
"Howler",4,21,+61390775572,"7 - 11 Dawson St, Brunswick Victoria 3056, Australia","Bars, Restaurants, Music Venues",https://www.yelp.com/biz/howler-brunswick,Brunswick
"Babble Cafe",4,21,+61395106464,"4 Izett St, Prahran Victoria 3181, Australia","Restaurants, Coffee & Tea",https://www.yelp.com/biz/babble-cafe-prahran-2,St Kilda
"Penny Farthing Espresso",4,18,+61394822246,"206 High St, Northcote Victoria 3070, Australia","Restaurants, Coffee & Tea",https://www.yelp.com/biz/penny-farthing-espresso-northcote,Brunswick
"Kau",4,13,+61390043588,"541 High St, Northcote Victoria 3070, Australia","Restaurants, Coffee & Tea",https://www.yelp.com/biz/kau-northcote-2,Preston
"Sally's Kitchen",4,13,+61396509222,"295 Exhibition St, Shop one, Melbourne Victoria 3000, Australia","Breakfast & Brunch, Cafes",https://www.yelp.com/biz/sallys-kitchen-melbourne-3,Carlton
"The Little Man Cafe",4,12,+61396878881,"158 Victoria St, Seddon Victoria 3011, Australia","Restaurants, Coffee & Tea",https://www.yelp.com/biz/the-little-man-cafe-seddon-2,Footscray
"The Carlton Wine Room",4,12,+61393472626,"172-174 Faraday St, Carlton Victoria 3053, Australia","Wine Bars, Modern European",https://www.yelp.com/biz/the-carlton-wine-room-carlton,Carlton
"Mercadante Woodfired Pizzeria",4,11,+61393476974,"123 Lygon St, Shop 123, Carlton Victoria 3053, Australia","Italian, Pizza",https://www.yelp.com/biz/mercadante-woodfired-pizzeria-carlton,Carlton
"Carolina",4,10,+61425731315,"11 Nicholson St, Melbourne Victoria 3057, Australia","Coffee & Tea, Australian",https://www.yelp.com/biz/carolina-melbourne,Brunswick
"Square and Compass",4,9,+61394164914,"222 Clarendon St, East Melbourne Victoria 3002, Australia","Cafes",https://www.yelp.com/biz/square-and-compass-east-melbourne,Fitzroy
"Glass Merchants",4,9,+61385280118,"63-65 Nelson St, Balaclava Victoria 3183, Australia","Coffee & Tea, Cafes",https://www.yelp.com/biz/glass-merchants-balaclava-3,St Kilda
"Umberto Espresso Bar",4,9,+61394848654,"917 High St, Thornbury Victoria 3071, Australia","Italian, Coffee & Tea, Bars",https://www.yelp.com/biz/umberto-espresso-bar-thornbury,Thornbury
"Hard Pressed",4,8,+61394174441,"76 Wellington Pde, Melbourne Victoria 3002, Australia","Coffee & Tea",https://www.yelp.com/biz/hard-pressed-melbourne,Richmond
"The Foreigner",4,8,+61394991313,"31 Ivanhoe Pde, Ivanhoe Victoria 3079, Australia","Cafes",https://www.yelp.com/biz/the-foreigner-ivanhoe,Preston
"Mishra's Kitchen",4,8,+61393143336,"18 Wembley Ave, Yarraville Victoria 3013, Australia","Indian",https://www.yelp.com/biz/mishras-kitchen-yarraville,Sunshine
"Maddox",4,7,+61390415650,"295 Sydney Rd, Brunswick Victoria 3056, Australia","Restaurants, Coffee & Tea",https://www.yelp.com/biz/maddox-brunswick-2,Brunswick
"Little River",4,7,+61399730473,"Shop 7, 208 Albion St, Brunswick Victoria 3056, Australia","Coffee & Tea, Breakfast & Brunch, Vegetarian",https://www.yelp.com/biz/little-river-brunswick,Brunswick
"New York Tomato",4,7,+61394290505,"Suite 2, #24, Richmond Victoria 3121, Australia","Restaurants, Coffee & Tea",https://www.yelp.com/biz/new-york-tomato-richmond,Richmond
"French Baguette Cafe",4,6,+61390773369,"177 Barkly St, Footscray Victoria 3011, Australia","Bakeries, Restaurants, Coffee & Tea",https://www.yelp.com/biz/french-baguette-cafe-footscray,Footscray
"Bentwood",4,6,+61394191614,"237 Napier St, Fitzroy Victoria 3065, Australia","Cafes",https://www.yelp.com/biz/bentwood-fitzroy,Fitzroy
"Burnside",4,6,+61383947335,"87a Smith St, Melbourne Victoria 3065, Australia","Coffee & Tea",https://www.yelp.com/biz/burnside-melbourne,Fitzroy
"Ruby's",4,6,+61499731059,"138 Nicholson St, Coburg Victoria 3058, Australia","Coffee & Tea",https://www.yelp.com/biz/rubys-coburg,Preston
"Motorino",4,6,+6193992121,"29A Vernon St, Melbourne Victoria 3015, Australia","Pizza, Italian",https://www.yelp.com/biz/motorino-melbourne,Sunshine
"Lazzat Kadah",4,6,+61393866220,"61-63 Sydney Rd, Coburg Victoria 3058, Australia","Indian",https://www.yelp.com/biz/lazzat-kadah-coburg,Coburg
"Tabet's Bakery",4,6,+61393873461,"607 Sydney Rd, Brunswick Victoria 3056, Australia","Bakeries, Middle Eastern",https://www.yelp.com/biz/tabets-bakery-brunswick-3,Coburg
"St Kilda Sea Baths",4,6,+61395254888,"18 Jacka Boulevard, #9, St Kilda Victoria 3182, Australia","Gyms",https://www.yelp.com/biz/st-kilda-sea-baths-st-kilda-2,St Kilda
"Fig & Walnut",4,5,+61396872665,"11 Bellairs Ave, Seddon Victoria 3011, Australia","Breakfast & Brunch, Coffee & Tea",https://www.yelp.com/biz/fig-and-walnut-seddon,Footscray
"Two Birds Cafe",4,5,+61394172881,"31 Peel St, Collingwood Victoria 3066, Australia","Coffee & Tea",https://www.yelp.com/biz/two-birds-cafe-collingwood,Fitzroy
"Mayday Coffee and Food",4,5,+61394210111,"410 Bridge Rd, Richmond Victoria 3121, Australia","Cafes, Coffee & Tea",https://www.yelp.com/biz/mayday-coffee-and-food-richmond,Richmond
"Tom Dick & Harry",4,5,+61390414334,"1/242 Toorak Rd, South Yarra Victoria 3141, Australia","Cafes",https://www.yelp.com/biz/tom-dick-and-harry-south-yarra,Richmond
"Jerry's Milk Bar",4,5,+61395313078,"345 Barkly St, Elwood Victoria 3184, Australia","Restaurants, Coffee & Tea",https://www.yelp.com/biz/jerrys-milk-bar-elwood,St Kilda
"Ampersand Cafe",4,5,+61394842085,"863 High St, Thornbury Victoria 3071, Australia","Coffee & Tea, Modern Australian",https://www.yelp.com/biz/ampersand-cafe-thornbury-2,Preston
"House of Cards",4,5,,"Engineering Lane, Melbourne Victoria 3052, Australia","Restaurants, Coffee & Tea",https://www.yelp.com/biz/house-of-cards-melbourne,Carlton
"Mammoth",4,5,+61398245239,"736 Malvern Rd, Melbourne Victoria 3143, Australia","Coffee & Tea, Restaurants",https://www.yelp.com/biz/mammoth-melbourne,Prahran
"Co Thu Quan Footscray",4,5,+61396891451,"Shop 11 & 12, 10 Droop Street, Footscray Victoria 3011, Australia","Vietnamese",https://www.yelp.com/biz/co-thu-quan-footscray-footscray,Footscray
"Paninoteca S.p.A",4,5,+61383547541,"130 Gaffney St, Coburg Victoria 3058, Australia","Delicatessen, Fast Food, Sandwiches",https://www.yelp.com/biz/paninoteca-s-p-a-coburg,Coburg
"Lievita",4,5,+61394899498,"298 High St, Northcote Victoria 3070, Australia","Pizza",https://www.yelp.com/biz/lievita-northcote,Northcote
"Collingwood Little Athletics Centre",4,5,+61392055522,"George Knott Athletic Field Heidelberg Rd, Clifton Hill Victoria 3068, Australia","Gyms",https://www.yelp.com/biz/collingwood-little-athletics-centre-clifton-hill,Brunswick
"The Barber Club",4,5,+61396002511,"844 Bourke St, Docklands Victoria 3008, Australia","Hair Salons",https://www.yelp.com/biz/the-barber-club-docklands,Footscray
